{
// 有关 tasks.json 格式的文档，请参见
    // https://go.microsoft.com/fwlink/?LinkId=733558
    "version": "2.0.0",
    "tasks": [
        {
            "type": "shell",
            "label": "g++.exe build active file",
            "command": "E:\\Program Files (x86)\\Dev-Cpp\\MinGW64\\bin\\g++.exe",
            "args": [
                "-std=c++11",
                "-g",
                "${file}",
                "-o",
                "${fileDirname}\\${fileBasenameNoExtension}.exe"
            ],
            "options": {
                "cwd": "E:\\Program Files (x86)\\Dev-Cpp\\MinGW64\\bin"
            },
            "problemMatcher": [
                "$gcc"
            ],
            "group": "build"
        }
    ]
}